run,name,position,color,bowl,task,success,failure_type,duration_s,timestamp,policy,mode
act100_pair,act100_pair,1,red,left,put the red block in the left bowl,0,touch_no_grip,44.8,2026-09-08T20:27:52,experiments/checkpoints/act_so101_blocks_20000_ep0-49_100-149,local
act100_pair,act100_pair,2,blue,right,put the blue block in the right bowl,0,touch_no_grip,43.5,2026-09-08T20:29:08,experiments/checkpoints/act_so101_blocks_20000_ep0-49_100-149,local
act100_pair,act100_pair,3,red,left,put the red block in the left bowl,0,touch_no_grip,43.3,2026-09-08T20:30:19,experiments/checkpoints/act_so101_blocks_20000_ep0-49_100-149,local
act100_pair,act100_pair,4,blue,right,put the blue block in the right bowl,0,collision,43.5,2026-09-08T20:31:30,experiments/checkpoints/act_so101_blocks_20000_ep0-49_100-149,local
act100_pair,act100_pair,5,red,left,put the red block in the left bowl,0,touch_no_grip,43.4,2026-09-08T20:32:53,experiments/checkpoints/act_so101_blocks_20000_ep0-49_100-149,local
act100_pair,act100_pair,6,blue,right,put the blue block in the right bowl,0,touch_no_grip,43.4,2026-09-08T20:33:58,experiments/checkpoints/act_so101_blocks_20000_ep0-49_100-149,local
act100_pair,act100_pair,7,red,left,put the red block in the left bowl,0,touch_no_grip,43.4,2026-09-08T20:35:09,experiments/checkpoints/act_so101_blocks_20000_ep0-49_100-149,local
act100_pair,act100_pair,8,blue,right,put the blue block in the right bowl,0,collision,43.3,2026-09-08T20:36:45,experiments/checkpoints/act_so101_blocks_20000_ep0-49_100-149,local
act100_pair,act100_pair,9,red,left,put the red block in the left bowl,0,touch_no_grip,43.7,2026-09-08T20:37:49,experiments/checkpoints/act_so101_blocks_20000_ep0-49_100-149,local
act100_pair,act100_pair,10,blue,right,put the blue block in the right bowl,0,touch_no_grip,43.2,2026-09-08T20:39:27,experiments/checkpoints/act_so101_blocks_20000_ep0-49_100-149,local
act100_pair,act100_pair,11,red,left,put the red block in the left bowl,0,touch_no_grip,43.3,2026-09-08T20:40:36,experiments/checkpoints/act_so101_blocks_20000_ep0-49_100-149,local
act100_pair,act100_pair,12,blue,right,put the blue block in the right bowl,0,no_reach,43.5,2026-09-08T20:41:38,experiments/checkpoints/act_so101_blocks_20000_ep0-49_100-149,local
act100_pair,act100_pair,13,red,left,put the red block in the left bowl,0,touch_no_grip,43.4,2026-09-08T20:42:41,experiments/checkpoints/act_so101_blocks_20000_ep0-49_100-149,local
act100_pair,act100_pair,14,blue,right,put the blue block in the right bowl,1,,43.6,2026-09-08T20:43:49,experiments/checkpoints/act_so101_blocks_20000_ep0-49_100-149,local
act100_pair,act100_pair,15,red,left,put the red block in the left bowl,0,touch_no_grip,43.3,2026-09-08T20:44:55,experiments/checkpoints/act_so101_blocks_20000_ep0-49_100-149,local
act100_pair,act100_pair,16,blue,right,put the blue block in the right bowl,0,no_reach,43.5,2026-09-08T20:46:02,experiments/checkpoints/act_so101_blocks_20000_ep0-49_100-149,local
act100_pair,act100_pair,17,red,left,put the red block in the left bowl,0,touch_no_grip,43.3,2026-09-08T20:47:02,experiments/checkpoints/act_so101_blocks_20000_ep0-49_100-149,local
act100_pair,act100_pair,18,blue,right,put the blue block in the right bowl,0,no_reach,43.3,2026-09-08T20:48:01,experiments/checkpoints/act_so101_blocks_20000_ep0-49_100-149,local
act100_pair,act100_pair,19,red,left,put the red block in the left bowl,0,no_reach,43.4,2026-09-08T20:48:58,experiments/checkpoints/act_so101_blocks_20000_ep0-49_100-149,local
act100_pair,act100_pair,20,blue,right,put the blue block in the right bowl,0,drop,43.4,2026-09-08T20:50:07,experiments/checkpoints/act_so101_blocks_20000_ep0-49_100-149,local
act100k_pair,act100k_pair,1,red,left,put the red block in the left bowl,0,no_reach,45.4,2026-09-09T20:37:10,experiments/checkpoints/act_so101_blocks_100000_ep0-49_100-149,local
act100k_pair,act100k_pair,2,blue,right,put the blue block in the right bowl,0,touch_no_grip,44.5,2026-09-09T20:38:18,experiments/checkpoints/act_so101_blocks_100000_ep0-49_100-149,local
act100k_pair,act100k_pair,3,red,left,put the red block in the left bowl,0,no_reach,44.4,2026-09-09T20:39:18,experiments/checkpoints/act_so101_blocks_100000_ep0-49_100-149,local
act100k_pair,act100k_pair,4,blue,right,put the blue block in the right bowl,0,touch_no_grip,44.5,2026-09-09T20:40:28,experiments/checkpoints/act_so101_blocks_100000_ep0-49_100-149,local
act100k_pair,act100k_pair,5,red,left,put the red block in the left bowl,0,touch_no_grip,44.6,2026-09-09T20:41:39,experiments/checkpoints/act_so101_blocks_100000_ep0-49_100-149,local
act100k_pair,act100k_pair,6,blue,right,put the blue block in the right bowl,0,no_reach,44.4,2026-09-09T20:42:39,experiments/checkpoints/act_so101_blocks_100000_ep0-49_100-149,local
act100k_pair,act100k_pair,7,red,left,put the red block in the left bowl,0,touch_no_grip,44.7,2026-09-09T20:44:02,experiments/checkpoints/act_so101_blocks_100000_ep0-49_100-149,local
act100k_pair,act100k_pair,8,blue,right,put the blue block in the right bowl,0,no_reach,44.6,2026-09-09T20:45:04,experiments/checkpoints/act_so101_blocks_100000_ep0-49_100-149,local
act100k_pair,act100k_pair,9,red,left,put the red block in the left bowl,1,,44.5,2026-09-09T20:46:03,experiments/checkpoints/act_so101_blocks_100000_ep0-49_100-149,local
act100k_pair,act100k_pair,10,blue,right,put the blue block in the right bowl,0,no_reach,44.4,2026-09-09T20:47:24,experiments/checkpoints/act_so101_blocks_100000_ep0-49_100-149,local
act100k_pair,act100k_pair,11,red,left,put the red block in the left bowl,0,touch_no_grip,44.3,2026-09-09T20:48:22,experiments/checkpoints/act_so101_blocks_100000_ep0-49_100-149,local
act100k_pair,act100k_pair,12,blue,right,put the blue block in the right bowl,0,touch_no_grip,44.3,2026-09-09T20:49:26,experiments/checkpoints/act_so101_blocks_100000_ep0-49_100-149,local
act100k_pair,act100k_pair,13,red,left,put the red block in the left bowl,0,touch_no_grip,44.7,2026-09-09T20:50:25,experiments/checkpoints/act_so101_blocks_100000_ep0-49_100-149,local
act100k_pair,act100k_pair,14,blue,right,put the blue block in the right bowl,1,,44.4,2026-09-09T20:51:24,experiments/checkpoints/act_so101_blocks_100000_ep0-49_100-149,local
act100k_pair,act100k_pair,15,red,left,put the red block in the left bowl,1,,44.5,2026-09-09T20:52:26,experiments/checkpoints/act_so101_blocks_100000_ep0-49_100-149,local
act100k_pair,act100k_pair,16,blue,right,put the blue block in the right bowl,0,touch_no_grip,44.3,2026-09-09T20:53:23,experiments/checkpoints/act_so101_blocks_100000_ep0-49_100-149,local
act100k_pair,act100k_pair,17,red,left,put the red block in the left bowl,1,,44.2,2026-09-09T20:54:24,experiments/checkpoints/act_so101_blocks_100000_ep0-49_100-149,local
act100k_pair,act100k_pair,18,blue,right,put the blue block in the right bowl,0,no_reach,44.2,2026-09-09T20:55:27,experiments/checkpoints/act_so101_blocks_100000_ep0-49_100-149,local
act100k_pair,act100k_pair,19,red,left,put the red block in the left bowl,0,drop,44.3,2026-09-09T20:56:45,experiments/checkpoints/act_so101_blocks_100000_ep0-49_100-149,local
act100k_pair,act100k_pair,20,blue,right,put the blue block in the right bowl,0,touch_no_grip,44.8,2026-09-09T20:57:45,experiments/checkpoints/act_so101_blocks_100000_ep0-49_100-149,local
smolvla100_pair,smolvla100_pair,1,red,left,put the red block in the left bowl,0,touch_no_grip,61.8,2026-09-09T10:51:31,experiments/checkpoints/smolvla_so101_blocks_n100_s0,sync
smolvla100_pair,smolvla100_pair,2,blue,right,put the blue block in the right bowl,1,,60.0,2026-09-09T10:53:04,experiments/checkpoints/smolvla_so101_blocks_n100_s0,sync
smolvla100_pair,smolvla100_pair,3,red,left,put the red block in the left bowl,0,touch_no_grip,59.7,2026-09-09T10:54:38,experiments/checkpoints/smolvla_so101_blocks_n100_s0,sync
smolvla100_pair,smolvla100_pair,4,blue,right,put the blue block in the right bowl,0,touch_no_grip,59.5,2026-09-09T10:56:18,experiments/checkpoints/smolvla_so101_blocks_n100_s0,sync
smolvla100_pair,smolvla100_pair,5,red,left,put the red block in the left bowl,1,,59.9,2026-09-09T10:59:02,experiments/checkpoints/smolvla_so101_blocks_n100_s0,sync
smolvla100_pair,smolvla100_pair,6,blue,right,put the blue block in the right bowl,1,,59.6,2026-09-09T11:06:28,experiments/checkpoints/smolvla_so101_blocks_n100_s0,sync
smolvla100_pair,smolvla100_pair,7,red,left,put the red block in the left bowl,0,touch_no_grip,62.0,2026-09-09T11:07:59,experiments/checkpoints/smolvla_so101_blocks_n100_s0,sync
smolvla100_pair,smolvla100_pair,8,blue,right,put the blue block in the right bowl,0,timeout,60.8,2026-09-09T11:09:57,experiments/checkpoints/smolvla_so101_blocks_n100_s0,sync
smolvla100_pair,smolvla100_pair,9,red,left,put the red block in the left bowl,0,no_reach,59.7,2026-09-09T11:11:24,experiments/checkpoints/smolvla_so101_blocks_n100_s0,sync
smolvla100_pair,smolvla100_pair,10,blue,right,put the blue block in the right bowl,1,,60.6,2026-09-09T11:12:42,experiments/checkpoints/smolvla_so101_blocks_n100_s0,sync
smolvla100_pair,smolvla100_pair,11,red,left,put the red block in the left bowl,0,touch_no_grip,61.0,2026-09-09T11:14:34,experiments/checkpoints/smolvla_so101_blocks_n100_s0,sync
smolvla100_pair,smolvla100_pair,12,blue,right,put the blue block in the right bowl,1,,60.3,2026-09-09T11:16:01,experiments/checkpoints/smolvla_so101_blocks_n100_s0,sync
smolvla100_pair,smolvla100_pair,13,red,left,put the red block in the left bowl,1,,59.7,2026-09-09T11:18:02,experiments/checkpoints/smolvla_so101_blocks_n100_s0,sync
smolvla100_pair,smolvla100_pair,14,blue,right,put the blue block in the right bowl,0,other,60.2,2026-09-09T11:20:10,experiments/checkpoints/smolvla_so101_blocks_n100_s0,sync
smolvla100_pair,smolvla100_pair,15,red,left,put the red block in the left bowl,0,no_reach,59.4,2026-09-09T11:22:39,experiments/checkpoints/smolvla_so101_blocks_n100_s0,sync
smolvla100_pair,smolvla100_pair,16,blue,right,put the blue block in the right bowl,1,,61.0,2026-09-09T11:24:22,experiments/checkpoints/smolvla_so101_blocks_n100_s0,sync
smolvla100_pair,smolvla100_pair,17,red,left,put the red block in the left bowl,0,touch_no_grip,60.9,2026-09-09T11:25:57,experiments/checkpoints/smolvla_so101_blocks_n100_s0,sync
smolvla100_pair,smolvla100_pair,18,blue,right,put the blue block in the right bowl,0,no_reach,59.5,2026-09-09T11:27:16,experiments/checkpoints/smolvla_so101_blocks_n100_s0,sync
smolvla100_pair,smolvla100_pair,19,red,left,put the red block in the left bowl,1,,64.8,2026-09-09T11:28:35,experiments/checkpoints/smolvla_so101_blocks_n100_s0,sync
smolvla100_pair,smolvla100_pair,20,blue,right,put the blue block in the right bowl,1,,61.4,2026-09-09T11:30:23,experiments/checkpoints/smolvla_so101_blocks_n100_s0,sync
smolvla100_all4,smolvla100_all4,1,red,left,put the red block in the left bowl,1,,63.8,2026-09-09T22:06:55,experiments/checkpoints/smolvla_so101_blocks_n100_s0,sync
smolvla100_all4,smolvla100_all4,2,blue,right,put the blue block in the right bowl,1,,62.7,2026-09-09T22:08:57,experiments/checkpoints/smolvla_so101_blocks_n100_s0,sync
smolvla100_all4,smolvla100_all4,3,red,right,put the red block in the right bowl,0,no_reach,63.7,2026-09-09T22:14:39,experiments/checkpoints/smolvla_so101_blocks_n100_s0,sync
smolvla100_all4,smolvla100_all4,4,blue,left,put the blue block in the left bowl,1,,63.2,2026-09-09T22:16:04,experiments/checkpoints/smolvla_so101_blocks_n100_s0,sync
smolvla100_all4,smolvla100_all4,5,red,left,put the red block in the left bowl,1,,63.2,2026-09-09T22:17:44,experiments/checkpoints/smolvla_so101_blocks_n100_s0,sync
smolvla100_all4,smolvla100_all4,6,blue,right,put the blue block in the right bowl,1,,63.4,2026-09-09T22:19:39,experiments/checkpoints/smolvla_so101_blocks_n100_s0,sync
smolvla100_all4,smolvla100_all4,7,red,right,put the red block in the right bowl,1,,64.0,2026-09-09T22:20:55,experiments/checkpoints/smolvla_so101_blocks_n100_s0,sync
smolvla100_all4,smolvla100_all4,8,blue,left,put the blue block in the left bowl,0,no_reach,62.7,2026-09-09T22:22:28,experiments/checkpoints/smolvla_so101_blocks_n100_s0,sync
smolvla100_all4,smolvla100_all4,9,red,left,put the red block in the left bowl,0,touch_no_grip,62.7,2026-09-09T22:25:15,experiments/checkpoints/smolvla_so101_blocks_n100_s0,sync
smolvla100_all4,smolvla100_all4,10,blue,right,put the blue block in the right bowl,1,,62.9,2026-09-09T22:26:39,experiments/checkpoints/smolvla_so101_blocks_n100_s0,sync
smolvla100_all4,smolvla100_all4,11,red,right,put the red block in the right bowl,0,touch_no_grip,62.7,2026-09-09T22:28:18,experiments/checkpoints/smolvla_so101_blocks_n100_s0,sync
smolvla100_all4,smolvla100_all4,12,blue,left,put the blue block in the left bowl,1,,61.9,2026-09-09T22:33:21,experiments/checkpoints/smolvla_so101_blocks_n100_s0,sync
smolvla100_all4,smolvla100_all4,13,red,left,put the red block in the left bowl,1,,61.7,2026-09-09T22:34:37,experiments/checkpoints/smolvla_so101_blocks_n100_s0,sync
smolvla100_all4,smolvla100_all4,14,blue,right,put the blue block in the right bowl,1,,61.3,2026-09-09T22:36:12,experiments/checkpoints/smolvla_so101_blocks_n100_s0,sync
smolvla100_all4,smolvla100_all4,15,red,right,put the red block in the right bowl,0,touch_no_grip,62.0,2026-09-09T22:37:40,experiments/checkpoints/smolvla_so101_blocks_n100_s0,sync
smolvla100_all4,smolvla100_all4,16,blue,left,put the blue block in the left bowl,0,touch_no_grip,61.5,2026-09-09T22:39:14,experiments/checkpoints/smolvla_so101_blocks_n100_s0,sync
smolvla100_all4,smolvla100_all4,17,red,left,put the red block in the left bowl,0,no_reach,60.7,2026-09-09T22:40:44,experiments/checkpoints/smolvla_so101_blocks_n100_s0,sync
smolvla100_all4,smolvla100_all4,18,blue,right,put the blue block in the right bowl,0,no_reach,63.9,2026-09-09T22:42:14,experiments/checkpoints/smolvla_so101_blocks_n100_s0,sync
smolvla100_all4,smolvla100_all4,19,red,right,put the red block in the right bowl,0,touch_no_grip,62.2,2026-09-09T22:43:44,experiments/checkpoints/smolvla_so101_blocks_n100_s0,sync
smolvla100_all4,smolvla100_all4,20,blue,left,put the blue block in the left bowl,0,drop,62.0,2026-09-09T22:45:15,experiments/checkpoints/smolvla_so101_blocks_n100_s0,sync
smolvla_n10_pair,smolvla_n10_pair,1,red,left,put the red block in the left bowl,0,no_reach,65.8,2026-09-10T11:44:46,experiments/checkpoints/smolvla_so101_blocks_n10_s0,sync
smolvla_n10_pair,smolvla_n10_pair,2,blue,right,put the blue block in the right bowl,0,drop,63.7,2026-09-10T11:46:16,experiments/checkpoints/smolvla_so101_blocks_n10_s0,sync
smolvla_n10_pair,smolvla_n10_pair,3,red,left,put the red block in the left bowl,0,no_reach,63.6,2026-09-10T11:47:56,experiments/checkpoints/smolvla_so101_blocks_n10_s0,sync
smolvla_n10_pair,smolvla_n10_pair,4,blue,right,put the blue block in the right bowl,0,no_reach,63.5,2026-09-10T11:51:04,experiments/checkpoints/smolvla_so101_blocks_n10_s0,sync
smolvla_n10_pair,smolvla_n10_pair,5,red,left,put the red block in the left bowl,0,touch_no_grip,62.7,2026-09-10T11:52:41,experiments/checkpoints/smolvla_so101_blocks_n10_s0,sync
smolvla_n10_pair,smolvla_n10_pair,6,blue,right,put the blue block in the right bowl,0,no_reach,62.1,2026-09-10T11:54:48,experiments/checkpoints/smolvla_so101_blocks_n10_s0,sync
smolvla_n10_pair,smolvla_n10_pair,7,red,left,put the red block in the left bowl,0,no_reach,62.0,2026-09-10T11:56:26,experiments/checkpoints/smolvla_so101_blocks_n10_s0,sync
smolvla_n10_pair,smolvla_n10_pair,8,blue,right,put the blue block in the right bowl,0,no_reach,62.8,2026-09-10T11:57:53,experiments/checkpoints/smolvla_so101_blocks_n10_s0,sync
smolvla_n10_pair,smolvla_n10_pair,9,red,left,put the red block in the left bowl,0,touch_no_grip,62.5,2026-09-10T11:59:22,experiments/checkpoints/smolvla_so101_blocks_n10_s0,sync
smolvla_n10_pair,smolvla_n10_pair,10,blue,right,put the blue block in the right bowl,0,no_reach,62.6,2026-09-10T12:01:45,experiments/checkpoints/smolvla_so101_blocks_n10_s0,sync
smolvla_n10_pair,smolvla_n10_pair,11,red,left,put the red block in the left bowl,0,no_reach,66.3,2026-09-10T19:17:24,experiments/checkpoints/smolvla_so101_blocks_n10_s0,sync
smolvla_n10_pair,smolvla_n10_pair,12,blue,right,put the blue block in the right bowl,0,touch_no_grip,64.6,2026-09-10T19:19:20,experiments/checkpoints/smolvla_so101_blocks_n10_s0,sync
smolvla_n10_pair,smolvla_n10_pair,13,red,left,put the red block in the left bowl,0,no_reach,63.2,2026-09-10T19:20:48,experiments/checkpoints/smolvla_so101_blocks_n10_s0,sync
smolvla_n10_pair,smolvla_n10_pair,14,blue,right,put the blue block in the right bowl,0,touch_no_grip,62.3,2026-09-10T19:22:38,experiments/checkpoints/smolvla_so101_blocks_n10_s0,sync
smolvla_n10_pair,smolvla_n10_pair,15,red,left,put the red block in the left bowl,0,no_reach,61.8,2026-09-10T19:24:18,experiments/checkpoints/smolvla_so101_blocks_n10_s0,sync
smolvla_n10_pair,smolvla_n10_pair,16,blue,right,put the blue block in the right bowl,0,no_reach,62.1,2026-09-10T19:25:46,experiments/checkpoints/smolvla_so101_blocks_n10_s0,sync
smolvla_n10_pair,smolvla_n10_pair,17,red,left,put the red block in the left bowl,0,no_reach,62.2,2026-09-10T19:27:19,experiments/checkpoints/smolvla_so101_blocks_n10_s0,sync
smolvla_n10_pair,smolvla_n10_pair,18,blue,right,put the blue block in the right bowl,0,no_reach,63.7,2026-09-10T19:28:47,experiments/checkpoints/smolvla_so101_blocks_n10_s0,sync
smolvla_n10_pair,smolvla_n10_pair,19,red,left,put the red block in the left bowl,0,no_reach,62.4,2026-09-10T19:30:08,experiments/checkpoints/smolvla_so101_blocks_n10_s0,sync
smolvla_n10_pair,smolvla_n10_pair,20,blue,right,put the blue block in the right bowl,0,no_reach,62.6,2026-09-10T19:31:36,experiments/checkpoints/smolvla_so101_blocks_n10_s0,sync
smolvla_n25_pair,smolvla_n25_pair,1,red,left,put the red block in the left bowl,0,no_reach,62.3,2026-09-10T19:34:12,experiments/checkpoints/smolvla_so101_blocks_n25_s0,sync
smolvla_n25_pair,smolvla_n25_pair,2,blue,right,put the blue block in the right bowl,0,drop,62.0,2026-09-10T19:36:10,experiments/checkpoints/smolvla_so101_blocks_n25_s0,sync
smolvla_n25_pair,smolvla_n25_pair,3,red,left,put the red block in the left bowl,0,no_reach,63.0,2026-09-10T19:37:45,experiments/checkpoints/smolvla_so101_blocks_n25_s0,sync
smolvla_n25_pair,smolvla_n25_pair,4,blue,right,put the blue block in the right bowl,1,,61.7,2026-09-10T19:39:05,experiments/checkpoints/smolvla_so101_blocks_n25_s0,sync
smolvla_n25_pair,smolvla_n25_pair,5,red,left,put the red block in the left bowl,0,touch_no_grip,63.1,2026-09-10T19:40:21,experiments/checkpoints/smolvla_so101_blocks_n25_s0,sync
smolvla_n25_pair,smolvla_n25_pair,6,blue,right,put the blue block in the right bowl,0,touch_no_grip,62.6,2026-09-10T19:41:41,experiments/checkpoints/smolvla_so101_blocks_n25_s0,sync
smolvla_n25_pair,smolvla_n25_pair,7,red,left,put the red block in the left bowl,0,touch_no_grip,61.7,2026-09-10T19:43:09,experiments/checkpoints/smolvla_so101_blocks_n25_s0,sync
smolvla_n25_pair,smolvla_n25_pair,8,blue,right,put the blue block in the right bowl,0,no_reach,62.4,2026-09-10T19:44:44,experiments/checkpoints/smolvla_so101_blocks_n25_s0,sync
smolvla_n25_pair,smolvla_n25_pair,9,red,left,put the red block in the left bowl,0,no_reach,62.1,2026-09-10T19:46:10,experiments/checkpoints/smolvla_so101_blocks_n25_s0,sync
smolvla_n25_pair,smolvla_n25_pair,10,blue,right,put the blue block in the right bowl,0,touch_no_grip,61.7,2026-09-10T19:47:36,experiments/checkpoints/smolvla_so101_blocks_n25_s0,sync
smolvla_n25_pair,smolvla_n25_pair,11,red,left,put the red block in the left bowl,0,no_reach,61.7,2026-09-10T19:48:46,experiments/checkpoints/smolvla_so101_blocks_n25_s0,sync
smolvla_n25_pair,smolvla_n25_pair,12,blue,right,put the blue block in the right bowl,0,no_reach,61.9,2026-09-10T19:49:55,experiments/checkpoints/smolvla_so101_blocks_n25_s0,sync
smolvla_n25_pair,smolvla_n25_pair,13,red,left,put the red block in the left bowl,0,touch_no_grip,62.1,2026-09-10T19:51:14,experiments/checkpoints/smolvla_so101_blocks_n25_s0,sync
smolvla_n25_pair,smolvla_n25_pair,14,blue,right,put the blue block in the right bowl,0,touch_no_grip,62.8,2026-09-10T19:52:32,experiments/checkpoints/smolvla_so101_blocks_n25_s0,sync
smolvla_n25_pair,smolvla_n25_pair,15,red,left,put the red block in the left bowl,0,touch_no_grip,62.1,2026-09-10T19:53:51,experiments/checkpoints/smolvla_so101_blocks_n25_s0,sync
smolvla_n25_pair,smolvla_n25_pair,16,blue,right,put the blue block in the right bowl,0,no_reach,62.5,2026-09-10T19:55:10,experiments/checkpoints/smolvla_so101_blocks_n25_s0,sync
smolvla_n25_pair,smolvla_n25_pair,17,red,left,put the red block in the left bowl,0,no_reach,63.7,2026-09-10T19:56:39,experiments/checkpoints/smolvla_so101_blocks_n25_s0,sync
smolvla_n25_pair,smolvla_n25_pair,18,blue,right,put the blue block in the right bowl,0,no_reach,62.7,2026-09-10T19:57:53,experiments/checkpoints/smolvla_so101_blocks_n25_s0,sync
smolvla_n25_pair,smolvla_n25_pair,19,red,left,put the red block in the left bowl,0,no_reach,63.0,2026-09-10T19:59:08,experiments/checkpoints/smolvla_so101_blocks_n25_s0,sync
smolvla_n25_pair,smolvla_n25_pair,20,blue,right,put the blue block in the right bowl,0,touch_no_grip,62.8,2026-09-10T20:00:40,experiments/checkpoints/smolvla_so101_blocks_n25_s0,sync
smolvla_n50_pair,smolvla_n50_pair,1,red,left,put the red block in the left bowl,0,touch_no_grip,66.2,2026-09-11T09:53:12,experiments/checkpoints/smolvla_so101_blocks_n50_s0,sync
smolvla_n50_pair,smolvla_n50_pair,2,blue,right,put the blue block in the right bowl,1,,63.5,2026-09-11T09:54:37,experiments/checkpoints/smolvla_so101_blocks_n50_s0,sync
smolvla_n50_pair,smolvla_n50_pair,3,red,left,put the red block in the left bowl,0,no_reach,61.9,2026-09-11T09:55:50,experiments/checkpoints/smolvla_so101_blocks_n50_s0,sync
smolvla_n50_pair,smolvla_n50_pair,4,blue,right,put the blue block in the right bowl,0,touch_no_grip,62.6,2026-09-11T09:57:16,experiments/checkpoints/smolvla_so101_blocks_n50_s0,sync
smolvla_n50_pair,smolvla_n50_pair,5,red,left,put the red block in the left bowl,1,,62.0,2026-09-11T09:58:44,experiments/checkpoints/smolvla_so101_blocks_n50_s0,sync
smolvla_n50_pair,smolvla_n50_pair,6,blue,right,put the blue block in the right bowl,0,touch_no_grip,62.4,2026-09-11T10:00:05,experiments/checkpoints/smolvla_so101_blocks_n50_s0,sync
smolvla_n50_pair,smolvla_n50_pair,7,red,left,put the red block in the left bowl,1,,62.2,2026-09-11T10:01:29,experiments/checkpoints/smolvla_so101_blocks_n50_s0,sync
smolvla_n50_pair,smolvla_n50_pair,8,blue,right,put the blue block in the right bowl,0,no_reach,63.4,2026-09-11T10:03:35,experiments/checkpoints/smolvla_so101_blocks_n50_s0,sync
smolvla_n50_pair,smolvla_n50_pair,9,red,left,put the red block in the left bowl,0,touch_no_grip,62.4,2026-09-11T10:05:43,experiments/checkpoints/smolvla_so101_blocks_n50_s0,sync
smolvla_n50_pair,smolvla_n50_pair,10,blue,right,put the blue block in the right bowl,0,touch_no_grip,62.7,2026-09-11T10:07:13,experiments/checkpoints/smolvla_so101_blocks_n50_s0,sync
smolvla_n50_pair,smolvla_n50_pair,11,red,left,put the red block in the left bowl,0,no_reach,62.1,2026-09-11T10:08:31,experiments/checkpoints/smolvla_so101_blocks_n50_s0,sync
smolvla_n50_pair,smolvla_n50_pair,12,blue,right,put the blue block in the right bowl,0,touch_no_grip,62.3,2026-09-11T10:09:49,experiments/checkpoints/smolvla_so101_blocks_n50_s0,sync
smolvla_n50_pair,smolvla_n50_pair,13,red,left,put the red block in the left bowl,1,,62.2,2026-09-11T10:11:06,experiments/checkpoints/smolvla_so101_blocks_n50_s0,sync
smolvla_n50_pair,smolvla_n50_pair,14,blue,right,put the blue block in the right bowl,0,no_reach,62.8,2026-09-11T10:12:58,experiments/checkpoints/smolvla_so101_blocks_n50_s0,sync
smolvla_n50_pair,smolvla_n50_pair,15,red,left,put the red block in the left bowl,1,,63.2,2026-09-11T10:14:49,experiments/checkpoints/smolvla_so101_blocks_n50_s0,sync
smolvla_n50_pair,smolvla_n50_pair,16,blue,right,put the blue block in the right bowl,1,,62.9,2026-09-11T10:16:06,experiments/checkpoints/smolvla_so101_blocks_n50_s0,sync
smolvla_n50_pair,smolvla_n50_pair,17,red,left,put the red block in the left bowl,0,no_reach,62.8,2026-09-11T10:18:12,experiments/checkpoints/smolvla_so101_blocks_n50_s0,sync
smolvla_n50_pair,smolvla_n50_pair,18,blue,right,put the blue block in the right bowl,0,no_reach,64.2,2026-09-11T10:19:46,experiments/checkpoints/smolvla_so101_blocks_n50_s0,sync
smolvla_n50_pair,smolvla_n50_pair,19,red,left,put the red block in the left bowl,1,,62.4,2026-09-11T10:21:07,experiments/checkpoints/smolvla_so101_blocks_n50_s0,sync
smolvla_n50_pair,smolvla_n50_pair,20,blue,right,put the blue block in the right bowl,1,,65.3,2026-09-11T10:23:05,experiments/checkpoints/smolvla_so101_blocks_n50_s0,sync
smolvla_toponly_pair,smolvla_toponly_pair,1,red,left,put the red block in the left bowl,0,touch_no_grip,59.5,2026-09-11T10:58:38,experiments/checkpoints/smolvla_nowrist_n100,sync
smolvla_toponly_pair,smolvla_toponly_pair,2,blue,right,put the blue block in the right bowl,0,no_reach,58.3,2026-09-11T11:02:04,experiments/checkpoints/smolvla_nowrist_n100,sync
smolvla_toponly_pair,smolvla_toponly_pair,3,red,left,put the red block in the left bowl,0,touch_no_grip,57.3,2026-09-11T11:03:35,experiments/checkpoints/smolvla_nowrist_n100,sync
smolvla_toponly_pair,smolvla_toponly_pair,4,blue,right,put the blue block in the right bowl,1,,57.2,2026-09-11T11:07:37,experiments/checkpoints/smolvla_nowrist_n100,sync
smolvla_toponly_pair,smolvla_toponly_pair,5,red,left,put the red block in the left bowl,0,no_reach,57.3,2026-09-11T11:09:01,experiments/checkpoints/smolvla_nowrist_n100,sync
smolvla_toponly_pair,smolvla_toponly_pair,6,blue,right,put the blue block in the right bowl,0,no_reach,57.1,2026-09-11T11:10:26,experiments/checkpoints/smolvla_nowrist_n100,sync
smolvla_toponly_pair,smolvla_toponly_pair,7,red,left,put the red block in the left bowl,0,no_reach,59.0,2026-09-11T11:11:47,experiments/checkpoints/smolvla_nowrist_n100,sync
smolvla_toponly_pair,smolvla_toponly_pair,8,blue,right,put the blue block in the right bowl,0,no_reach,56.7,2026-09-11T11:13:09,experiments/checkpoints/smolvla_nowrist_n100,sync
smolvla_toponly_pair,smolvla_toponly_pair,9,red,left,put the red block in the left bowl,0,no_reach,56.9,2026-09-11T11:14:28,experiments/checkpoints/smolvla_nowrist_n100,sync
smolvla_toponly_pair,smolvla_toponly_pair,10,blue,right,put the blue block in the right bowl,1,,57.3,2026-09-11T11:15:55,experiments/checkpoints/smolvla_nowrist_n100,sync
smolvla_toponly_pair,smolvla_toponly_pair,11,red,left,put the red block in the left bowl,1,,57.5,2026-09-11T11:17:09,experiments/checkpoints/smolvla_nowrist_n100,sync
smolvla_toponly_pair,smolvla_toponly_pair,12,blue,right,put the blue block in the right bowl,0,touch_no_grip,57.0,2026-09-11T11:18:23,experiments/checkpoints/smolvla_nowrist_n100,sync
smolvla_toponly_pair,smolvla_toponly_pair,13,red,left,put the red block in the left bowl,0,touch_no_grip,57.3,2026-09-11T11:19:41,experiments/checkpoints/smolvla_nowrist_n100,sync
smolvla_toponly_pair,smolvla_toponly_pair,14,blue,right,put the blue block in the right bowl,0,touch_no_grip,56.9,2026-09-11T11:21:30,experiments/checkpoints/smolvla_nowrist_n100,sync
smolvla_toponly_pair,smolvla_toponly_pair,15,red,left,put the red block in the left bowl,1,,57.0,2026-09-11T11:26:36,experiments/checkpoints/smolvla_nowrist_n100,sync
smolvla_toponly_pair,smolvla_toponly_pair,16,blue,right,put the blue block in the right bowl,0,touch_no_grip,56.9,2026-09-11T11:28:27,experiments/checkpoints/smolvla_nowrist_n100,sync
smolvla_toponly_pair,smolvla_toponly_pair,17,red,left,put the red block in the left bowl,0,no_reach,57.7,2026-09-11T11:30:00,experiments/checkpoints/smolvla_nowrist_n100,sync
smolvla_toponly_pair,smolvla_toponly_pair,18,blue,right,put the blue block in the right bowl,0,no_reach,58.2,2026-09-11T11:31:17,experiments/checkpoints/smolvla_nowrist_n100,sync
smolvla_toponly_pair,smolvla_toponly_pair,19,red,left,put the red block in the left bowl,0,touch_no_grip,57.1,2026-09-11T11:32:39,experiments/checkpoints/smolvla_nowrist_n100,sync
smolvla_toponly_pair,smolvla_toponly_pair,20,blue,right,put the blue block in the right bowl,0,touch_no_grip,56.8,2026-09-11T11:34:03,experiments/checkpoints/smolvla_nowrist_n100,sync
smolvla_wristonly_pair,smolvla_wristonly_pair,1,red,left,put the red block in the left bowl,0,no_reach,57.4,2026-09-11T11:39:27,experiments/checkpoints/smolvla_notop_n100,sync
smolvla_wristonly_pair,smolvla_wristonly_pair,2,blue,right,put the blue block in the right bowl,1,,56.7,2026-09-11T11:41:03,experiments/checkpoints/smolvla_notop_n100,sync
smolvla_wristonly_pair,smolvla_wristonly_pair,3,red,left,put the red block in the left bowl,0,timeout,56.0,2026-09-11T11:42:30,experiments/checkpoints/smolvla_notop_n100,sync
smolvla_wristonly_pair,smolvla_wristonly_pair,4,blue,right,put the blue block in the right bowl,1,,56.3,2026-09-11T11:44:12,experiments/checkpoints/smolvla_notop_n100,sync
smolvla_wristonly_pair,smolvla_wristonly_pair,5,red,left,put the red block in the left bowl,1,,55.8,2026-09-11T11:45:30,experiments/checkpoints/smolvla_notop_n100,sync
smolvla_wristonly_pair,smolvla_wristonly_pair,6,blue,right,put the blue block in the right bowl,1,,55.8,2026-09-11T11:48:52,experiments/checkpoints/smolvla_notop_n100,sync
smolvla_wristonly_pair,smolvla_wristonly_pair,7,red,left,put the red block in the left bowl,1,,55.6,2026-09-11T11:50:13,experiments/checkpoints/smolvla_notop_n100,sync
smolvla_wristonly_pair,smolvla_wristonly_pair,8,blue,right,put the blue block in the right bowl,0,touch_no_grip,55.7,2026-09-11T11:54:33,experiments/checkpoints/smolvla_notop_n100,sync
smolvla_wristonly_pair,smolvla_wristonly_pair,9,red,left,put the red block in the left bowl,1,,56.5,2026-09-11T11:55:59,experiments/checkpoints/smolvla_notop_n100,sync
smolvla_wristonly_pair,smolvla_wristonly_pair,10,blue,right,put the blue block in the right bowl,1,,56.6,2026-09-11T11:57:55,experiments/checkpoints/smolvla_notop_n100,sync
smolvla_wristonly_pair,smolvla_wristonly_pair,11,red,left,put the red block in the left bowl,1,,56.3,2026-09-11T11:59:23,experiments/checkpoints/smolvla_notop_n100,sync
smolvla_wristonly_pair,smolvla_wristonly_pair,12,blue,right,put the blue block in the right bowl,1,,57.5,2026-09-11T12:02:11,experiments/checkpoints/smolvla_notop_n100,sync
smolvla_wristonly_pair,smolvla_wristonly_pair,13,red,left,put the red block in the left bowl,1,,56.4,2026-09-11T12:03:31,experiments/checkpoints/smolvla_notop_n100,sync
smolvla_wristonly_pair,smolvla_wristonly_pair,14,blue,right,put the blue block in the right bowl,0,touch_no_grip,55.7,2026-09-11T12:04:50,experiments/checkpoints/smolvla_notop_n100,sync
smolvla_wristonly_pair,smolvla_wristonly_pair,15,red,left,put the red block in the left bowl,1,,55.7,2026-09-11T12:06:06,experiments/checkpoints/smolvla_notop_n100,sync
smolvla_wristonly_pair,smolvla_wristonly_pair,16,blue,right,put the blue block in the right bowl,0,touch_no_grip,56.2,2026-09-11T12:07:23,experiments/checkpoints/smolvla_notop_n100,sync
smolvla_wristonly_pair,smolvla_wristonly_pair,17,red,left,put the red block in the left bowl,1,,58.6,2026-09-11T12:08:56,experiments/checkpoints/smolvla_notop_n100,sync
smolvla_wristonly_pair,smolvla_wristonly_pair,18,blue,right,put the blue block in the right bowl,0,no_reach,56.7,2026-09-11T12:14:42,experiments/checkpoints/smolvla_notop_n100,sync
smolvla_wristonly_pair,smolvla_wristonly_pair,19,red,left,put the red block in the left bowl,0,touch_no_grip,57.5,2026-09-11T12:16:20,experiments/checkpoints/smolvla_notop_n100,sync
smolvla_wristonly_pair,smolvla_wristonly_pair,20,blue,right,put the blue block in the right bowl,0,touch_no_grip,56.3,2026-09-11T12:17:44,experiments/checkpoints/smolvla_notop_n100,sync
smolvla100_rtc_pair,smolvla100_rtc_pair,1,red,left,put the red block in the left bowl,0,touch_no_grip,54.5,2026-09-11T18:31:35,experiments/checkpoints/smolvla_so101_blocks_n100_s0,rtc
smolvla100_rtc_pair,smolvla100_rtc_pair,2,blue,right,put the blue block in the right bowl,1,,54.1,2026-09-11T18:33:23,experiments/checkpoints/smolvla_so101_blocks_n100_s0,rtc
smolvla100_rtc_pair,smolvla100_rtc_pair,3,red,left,put the red block in the left bowl,0,no_reach,53.9,2026-09-11T18:35:25,experiments/checkpoints/smolvla_so101_blocks_n100_s0,rtc
smolvla100_rtc_pair,smolvla100_rtc_pair,4,blue,right,put the blue block in the right bowl,0,touch_no_grip,54.8,2026-09-11T18:37:31,experiments/checkpoints/smolvla_so101_blocks_n100_s0,rtc
smolvla100_rtc_pair,smolvla100_rtc_pair,5,red,left,put the red block in the left bowl,0,touch_no_grip,54.8,2026-09-11T18:38:57,experiments/checkpoints/smolvla_so101_blocks_n100_s0,rtc
smolvla100_rtc_pair,smolvla100_rtc_pair,6,blue,right,put the blue block in the right bowl,0,touch_no_grip,54.0,2026-09-11T18:40:07,experiments/checkpoints/smolvla_so101_blocks_n100_s0,rtc
smolvla100_rtc_pair,smolvla100_rtc_pair,7,red,left,put the red block in the left bowl,0,touch_no_grip,53.8,2026-09-11T18:41:46,experiments/checkpoints/smolvla_so101_blocks_n100_s0,rtc
smolvla100_rtc_pair,smolvla100_rtc_pair,8,blue,right,put the blue block in the right bowl,0,touch_no_grip,53.5,2026-09-11T18:43:04,experiments/checkpoints/smolvla_so101_blocks_n100_s0,rtc
smolvla100_rtc_pair,smolvla100_rtc_pair,9,red,left,put the red block in the left bowl,0,touch_no_grip,53.9,2026-09-11T18:44:20,experiments/checkpoints/smolvla_so101_blocks_n100_s0,rtc
smolvla100_rtc_pair,smolvla100_rtc_pair,10,blue,right,put the blue block in the right bowl,0,no_reach,53.6,2026-09-11T18:46:15,experiments/checkpoints/smolvla_so101_blocks_n100_s0,rtc
smolvla100_rtc_pair,smolvla100_rtc_pair,11,red,left,put the red block in the left bowl,0,touch_no_grip,54.1,2026-09-11T18:49:48,experiments/checkpoints/smolvla_so101_blocks_n100_s0,rtc
smolvla100_rtc_pair,smolvla100_rtc_pair,12,blue,right,put the blue block in the right bowl,0,drop,53.7,2026-09-11T18:52:03,experiments/checkpoints/smolvla_so101_blocks_n100_s0,rtc
smolvla100_rtc_pair,smolvla100_rtc_pair,13,red,left,put the red block in the left bowl,0,touch_no_grip,52.9,2026-09-11T18:53:32,experiments/checkpoints/smolvla_so101_blocks_n100_s0,rtc
smolvla100_rtc_pair,smolvla100_rtc_pair,14,blue,right,put the blue block in the right bowl,1,,53.8,2026-09-11T18:55:09,experiments/checkpoints/smolvla_so101_blocks_n100_s0,rtc
smolvla100_rtc_pair,smolvla100_rtc_pair,15,red,left,put the red block in the left bowl,1,,54.2,2026-09-11T18:56:33,experiments/checkpoints/smolvla_so101_blocks_n100_s0,rtc
smolvla100_rtc_pair,smolvla100_rtc_pair,16,blue,right,put the blue block in the right bowl,0,touch_no_grip,53.4,2026-09-11T18:57:45,experiments/checkpoints/smolvla_so101_blocks_n100_s0,rtc
smolvla100_rtc_pair,smolvla100_rtc_pair,17,red,left,put the red block in the left bowl,0,no_reach,56.9,2026-09-11T18:59:34,experiments/checkpoints/smolvla_so101_blocks_n100_s0,rtc
smolvla100_rtc_pair,smolvla100_rtc_pair,18,blue,right,put the blue block in the right bowl,0,no_reach,53.6,2026-09-11T19:01:26,experiments/checkpoints/smolvla_so101_blocks_n100_s0,rtc
smolvla100_rtc_pair,smolvla100_rtc_pair,19,red,left,put the red block in the left bowl,0,touch_no_grip,53.4,2026-09-11T19:03:14,experiments/checkpoints/smolvla_so101_blocks_n100_s0,rtc
smolvla100_rtc_pair,smolvla100_rtc_pair,20,blue,right,put the blue block in the right bowl,0,drop,52.8,2026-09-11T19:04:30,experiments/checkpoints/smolvla_so101_blocks_n100_s0,rtc
pi05_pair,pi05_pair,1,red,left,put the red block in the left bowl,0,touch_no_grip,73.4,2026-09-12T17:19:05,/outputs/pi05_so101_blocks_40000_ep0-49_100-149-20260911-221316/checkpoints/last/pretrained_model,sync
pi05_pair,pi05_pair,2,blue,right,put the blue block in the right bowl,0,touch_no_grip,74.9,2026-09-12T17:20:36,/outputs/pi05_so101_blocks_40000_ep0-49_100-149-20260911-221316/checkpoints/last/pretrained_model,sync
pi05_pair,pi05_pair,3,red,left,put the red block in the left bowl,0,touch_no_grip,76.3,2026-09-12T17:22:21,/outputs/pi05_so101_blocks_40000_ep0-49_100-149-20260911-221316/checkpoints/last/pretrained_model,sync
pi05_pair,pi05_pair,4,blue,right,put the blue block in the right bowl,0,touch_no_grip,93.0,2026-09-12T17:24:16,/outputs/pi05_so101_blocks_40000_ep0-49_100-149-20260911-221316/checkpoints/last/pretrained_model,sync
pi05_pair,pi05_pair,5,red,left,put the red block in the left bowl,0,no_reach,75.6,2026-09-12T17:25:56,/outputs/pi05_so101_blocks_40000_ep0-49_100-149-20260911-221316/checkpoints/last/pretrained_model,sync
pi05_pair,pi05_pair,6,blue,right,put the blue block in the right bowl,0,no_reach,73.3,2026-09-12T17:27:54,/outputs/pi05_so101_blocks_40000_ep0-49_100-149-20260911-221316/checkpoints/last/pretrained_model,sync
pi05_pair,pi05_pair,7,red,left,put the red block in the left bowl,0,touch_no_grip,75.5,2026-09-12T17:29:30,/outputs/pi05_so101_blocks_40000_ep0-49_100-149-20260911-221316/checkpoints/last/pretrained_model,sync
pi05_pair,pi05_pair,8,blue,right,put the blue block in the right bowl,0,no_reach,74.9,2026-09-12T17:31:13,/outputs/pi05_so101_blocks_40000_ep0-49_100-149-20260911-221316/checkpoints/last/pretrained_model,sync
pi05_pair,pi05_pair,9,red,left,put the red block in the left bowl,1,,77.6,2026-09-12T17:33:54,/outputs/pi05_so101_blocks_40000_ep0-49_100-149-20260911-221316/checkpoints/last/pretrained_model,sync
pi05_pair,pi05_pair,10,blue,right,put the blue block in the right bowl,1,,75.0,2026-09-12T17:35:41,/outputs/pi05_so101_blocks_40000_ep0-49_100-149-20260911-221316/checkpoints/last/pretrained_model,sync
pi05_pair,pi05_pair,11,red,left,put the red block in the left bowl,0,touch_no_grip,74.0,2026-09-12T17:37:56,/outputs/pi05_so101_blocks_40000_ep0-49_100-149-20260911-221316/checkpoints/last/pretrained_model,sync
pi05_pair,pi05_pair,12,blue,right,put the blue block in the right bowl,1,,74.3,2026-09-12T17:39:40,/outputs/pi05_so101_blocks_40000_ep0-49_100-149-20260911-221316/checkpoints/last/pretrained_model,sync
pi05_pair,pi05_pair,13,red,left,put the red block in the left bowl,0,touch_no_grip,76.6,2026-09-12T17:41:21,/outputs/pi05_so101_blocks_40000_ep0-49_100-149-20260911-221316/checkpoints/last/pretrained_model,sync
pi05_pair,pi05_pair,14,blue,right,put the blue block in the right bowl,0,touch_no_grip,73.5,2026-09-12T17:43:00,/outputs/pi05_so101_blocks_40000_ep0-49_100-149-20260911-221316/checkpoints/last/pretrained_model,sync
pi05_pair,pi05_pair,15,red,left,put the red block in the left bowl,1,,74.6,2026-09-12T17:44:59,/outputs/pi05_so101_blocks_40000_ep0-49_100-149-20260911-221316/checkpoints/last/pretrained_model,sync
pi05_pair,pi05_pair,16,blue,right,put the blue block in the right bowl,1,,74.4,2026-09-12T17:47:04,/outputs/pi05_so101_blocks_40000_ep0-49_100-149-20260911-221316/checkpoints/last/pretrained_model,sync
pi05_pair,pi05_pair,17,red,left,put the red block in the left bowl,0,no_reach,75.5,2026-09-12T17:48:33,/outputs/pi05_so101_blocks_40000_ep0-49_100-149-20260911-221316/checkpoints/last/pretrained_model,sync
pi05_pair,pi05_pair,18,blue,right,put the blue block in the right bowl,0,touch_no_grip,151.2,2026-09-12T17:53:57,/outputs/pi05_so101_blocks_40000_ep0-49_100-149-20260911-221316/checkpoints/last/pretrained_model,sync
pi05_pair,pi05_pair,19,red,left,put the red block in the left bowl,0,touch_no_grip,56.7,2026-09-12T17:55:08,/outputs/pi05_so101_blocks_40000_ep0-49_100-149-20260911-221316/checkpoints/last/pretrained_model,sync
pi05_pair,pi05_pair,20,blue,right,put the blue block in the right bowl,0,touch_no_grip,57.0,2026-09-12T17:56:41,/outputs/pi05_so101_blocks_40000_ep0-49_100-149-20260911-221316/checkpoints/last/pretrained_model,sync
pi05_all4,pi05_all4,1,red,left,put the red block in the left bowl,0,no_reach,172.4,2026-09-12T16:38:15,/outputs/pi05_so101_blocks_40000_ep0-49_100-149-20260911-221316/checkpoints/last/pretrained_model,sync
pi05_all4,pi05_all4,2,blue,right,put the blue block in the right bowl,0,touch_no_grip,69.7,2026-09-12T16:39:52,/outputs/pi05_so101_blocks_40000_ep0-49_100-149-20260911-221316/checkpoints/last/pretrained_model,sync
pi05_all4,pi05_all4,3,red,right,put the red block in the right bowl,0,no_reach,69.7,2026-09-12T16:41:30,/outputs/pi05_so101_blocks_40000_ep0-49_100-149-20260911-221316/checkpoints/last/pretrained_model,sync
pi05_all4,pi05_all4,4,blue,left,put the blue block in the left bowl,0,no_reach,71.7,2026-09-12T16:43:10,/outputs/pi05_so101_blocks_40000_ep0-49_100-149-20260911-221316/checkpoints/last/pretrained_model,sync
pi05_all4,pi05_all4,5,red,left,put the red block in the left bowl,0,touch_no_grip,70.0,2026-09-12T16:44:38,/outputs/pi05_so101_blocks_40000_ep0-49_100-149-20260911-221316/checkpoints/last/pretrained_model,sync
pi05_all4,pi05_all4,6,blue,right,put the blue block in the right bowl,0,touch_no_grip,74.0,2026-09-12T16:47:00,/outputs/pi05_so101_blocks_40000_ep0-49_100-149-20260911-221316/checkpoints/last/pretrained_model,sync
pi05_all4,pi05_all4,7,red,right,put the red block in the right bowl,0,touch_no_grip,68.2,2026-09-12T16:48:35,/outputs/pi05_so101_blocks_40000_ep0-49_100-149-20260911-221316/checkpoints/last/pretrained_model,sync
pi05_all4,pi05_all4,8,blue,left,put the blue block in the left bowl,0,no_reach,72.9,2026-09-12T16:50:13,/outputs/pi05_so101_blocks_40000_ep0-49_100-149-20260911-221316/checkpoints/last/pretrained_model,sync
pi05_all4,pi05_all4,9,red,left,put the red block in the left bowl,1,,71.1,2026-09-12T16:52:00,/outputs/pi05_so101_blocks_40000_ep0-49_100-149-20260911-221316/checkpoints/last/pretrained_model,sync
pi05_all4,pi05_all4,10,blue,right,put the blue block in the right bowl,0,touch_no_grip,128.8,2026-09-12T16:54:27,/outputs/pi05_so101_blocks_40000_ep0-49_100-149-20260911-221316/checkpoints/last/pretrained_model,sync
pi05_all4,pi05_all4,11,red,right,put the red block in the right bowl,0,touch_no_grip,74.4,2026-09-12T16:56:15,/outputs/pi05_so101_blocks_40000_ep0-49_100-149-20260911-221316/checkpoints/last/pretrained_model,sync
pi05_all4,pi05_all4,12,blue,left,put the blue block in the left bowl,0,no_reach,74.4,2026-09-12T16:57:46,/outputs/pi05_so101_blocks_40000_ep0-49_100-149-20260911-221316/checkpoints/last/pretrained_model,sync
pi05_all4,pi05_all4,13,red,left,put the red block in the left bowl,0,touch_no_grip,73.3,2026-09-12T16:59:31,/outputs/pi05_so101_blocks_40000_ep0-49_100-149-20260911-221316/checkpoints/last/pretrained_model,sync
pi05_all4,pi05_all4,14,blue,right,put the blue block in the right bowl,0,touch_no_grip,74.8,2026-09-12T17:02:41,/outputs/pi05_so101_blocks_40000_ep0-49_100-149-20260911-221316/checkpoints/last/pretrained_model,sync
pi05_all4,pi05_all4,15,red,right,put the red block in the right bowl,0,touch_no_grip,75.0,2026-09-12T17:04:38,/outputs/pi05_so101_blocks_40000_ep0-49_100-149-20260911-221316/checkpoints/last/pretrained_model,sync
pi05_all4,pi05_all4,16,blue,left,put the blue block in the left bowl,0,touch_no_grip,74.3,2026-09-12T17:06:13,/outputs/pi05_so101_blocks_40000_ep0-49_100-149-20260911-221316/checkpoints/last/pretrained_model,sync
pi05_all4,pi05_all4,17,red,left,put the red block in the left bowl,0,touch_no_grip,74.6,2026-09-12T17:07:52,/outputs/pi05_so101_blocks_40000_ep0-49_100-149-20260911-221316/checkpoints/last/pretrained_model,sync
pi05_all4,pi05_all4,18,blue,right,put the blue block in the right bowl,0,touch_no_grip,78.0,2026-09-12T17:09:40,/outputs/pi05_so101_blocks_40000_ep0-49_100-149-20260911-221316/checkpoints/last/pretrained_model,sync
pi05_all4,pi05_all4,19,red,right,put the red block in the right bowl,1,,74.1,2026-09-12T17:11:12,/outputs/pi05_so101_blocks_40000_ep0-49_100-149-20260911-221316/checkpoints/last/pretrained_model,sync
pi05_all4,pi05_all4,20,blue,left,put the blue block in the left bowl,0,touch_no_grip,74.8,2026-09-12T17:12:56,/outputs/pi05_so101_blocks_40000_ep0-49_100-149-20260911-221316/checkpoints/last/pretrained_model,sync
astra_pair_noroll,astra_pair_noroll,1,red,left,put the red block in the left bowl,0,touch_no_grip,221.2,2026-09-12 evening (recovered; exact time not preserved),"gpt-6-astra (no roll, no joint tool)",llm
astra_pair_noroll,astra_pair_noroll,2,blue,right,put the blue block in the right bowl,1,,200.1,2026-09-12 evening (recovered; exact time not preserved),"gpt-6-astra (no roll, no joint tool)",llm
astra_pair_noroll,astra_pair_noroll,3,red,left,put the red block in the left bowl,0,touch_no_grip,187.0,2026-09-12 evening (recovered; exact time not preserved),"gpt-6-astra (no roll, no joint tool)",llm
astra_pair_noroll,astra_pair_noroll,4,blue,right,put the blue block in the right bowl,1,,58.7,2026-09-12 evening (recovered; exact time not preserved),"gpt-6-astra (no roll, no joint tool)",llm
astra_pair_noroll,astra_pair_noroll,5,red,left,put the red block in the left bowl,0,touch_no_grip,177.9,2026-09-12 evening (recovered; exact time not preserved),"gpt-6-astra (no roll, no joint tool)",llm
astra_pair_noroll,astra_pair_noroll,6,blue,right,put the blue block in the right bowl,0,touch_no_grip,184.4,2026-09-12 evening (recovered; exact time not preserved),"gpt-6-astra (no roll, no joint tool)",llm
astra_pair_noroll,astra_pair_noroll,7,red,left,put the red block in the left bowl,1,,56.7,2026-09-12 evening (recovered; exact time not preserved),"gpt-6-astra (no roll, no joint tool)",llm
astra_pair_noroll,astra_pair_noroll,8,blue,right,put the blue block in the right bowl,0,touch_no_grip,207.3,2026-09-12 evening (recovered; exact time not preserved),"gpt-6-astra (no roll, no joint tool)",llm
astra_pair_noroll,astra_pair_noroll,9,red,left,put the red block in the left bowl,1,,155.2,2026-09-12 evening (recovered; exact time not preserved),"gpt-6-astra (no roll, no joint tool)",llm
astra_pair_noroll,astra_pair_noroll,10,blue,right,put the blue block in the right bowl,1,,186.1,2026-09-12 evening (recovered; exact time not preserved),"gpt-6-astra (no roll, no joint tool)",llm
astra_pair_noroll,astra_pair_noroll,11,red,left,put the red block in the left bowl,1,,93.2,2026-09-12 evening (recovered; exact time not preserved),"gpt-6-astra (no roll, no joint tool)",llm
astra_pair_noroll,astra_pair_noroll,12,blue,right,put the blue block in the right bowl,1,,52.6,2026-09-12 evening (recovered; exact time not preserved),"gpt-6-astra (no roll, no joint tool)",llm
astra_pair_noroll,astra_pair_noroll,13,red,left,put the red block in the left bowl,0,touch_no_grip,168.3,2026-09-12 evening (recovered; exact time not preserved),"gpt-6-astra (no roll, no joint tool)",llm
astra_pair_noroll,astra_pair_noroll,14,blue,right,put the blue block in the right bowl,1,,92.5,2026-09-12 evening (recovered; exact time not preserved),"gpt-6-astra (no roll, no joint tool)",llm
astra_pair_noroll,astra_pair_noroll,15,red,left,put the red block in the left bowl,1,,70.1,2026-09-12 evening (recovered; exact time not preserved),"gpt-6-astra (no roll, no joint tool)",llm
astra_pair_noroll,astra_pair_noroll,16,blue,right,put the blue block in the right bowl,1,,53.5,2026-09-12 evening (recovered; exact time not preserved),"gpt-6-astra (no roll, no joint tool)",llm
astra_pair_noroll,astra_pair_noroll,17,red,left,put the red block in the left bowl,0,touch_no_grip,115.7,2026-09-12 evening (recovered; exact time not preserved),"gpt-6-astra (no roll, no joint tool)",llm
astra_pair_noroll,astra_pair_noroll,18,blue,right,put the blue block in the right bowl,1,,170.9,2026-09-12 evening (recovered; exact time not preserved),"gpt-6-astra (no roll, no joint tool)",llm
astra_pair_noroll,astra_pair_noroll,19,red,left,put the red block in the left bowl,0,touch_no_grip,188.7,2026-09-12 evening (recovered; exact time not preserved),"gpt-6-astra (no roll, no joint tool)",llm
astra_pair_noroll,astra_pair_noroll,20,blue,right,put the blue block in the right bowl,1,,64.7,2026-09-12 evening (recovered; exact time not preserved),"gpt-6-astra (no roll, no joint tool)",llm
astra_pair,astra_pair,1,red,left,put the red block in the left bowl,1,,134.9,2026-09-13T00:02:12,gpt-6-astra,llm
astra_pair,astra_pair,2,blue,right,put the blue block in the right bowl,1,,130.6,2026-09-13T00:05:13,gpt-6-astra,llm
astra_pair,astra_pair,3,red,left,put the red block in the left bowl,1,,150.1,2026-09-13T00:08:38,gpt-6-astra,llm
astra_pair,astra_pair,4,blue,right,put the blue block in the right bowl,1,,68.8,2026-09-13T00:10:12,gpt-6-astra,llm
astra_pair,astra_pair,5,red,left,put the red block in the left bowl,1,,196.7,2026-09-13T00:13:55,gpt-6-astra,llm
astra_pair,astra_pair,6,blue,right,put the blue block in the right bowl,1,,150.5,2026-09-13T00:16:43,gpt-6-astra,llm
astra_pair,astra_pair,7,red,left,put the red block in the left bowl,1,,62.7,2026-09-13T00:18:10,gpt-6-astra,llm
astra_pair,astra_pair,8,blue,right,put the blue block in the right bowl,1,,163.1,2026-09-13T00:21:32,gpt-6-astra,llm
astra_pair,astra_pair,9,red,left,put the red block in the left bowl,1,,64.5,2026-09-13T00:23:02,gpt-6-astra,llm
astra_pair,astra_pair,10,blue,right,put the blue block in the right bowl,0,timeout,208.6,2026-09-13T00:27:13,gpt-6-astra,llm
astra_pair,astra_pair,11,red,left,put the red block in the left bowl,1,,101.4,2026-09-13T00:29:24,gpt-6-astra,llm
astra_pair,astra_pair,12,blue,right,put the blue block in the right bowl,1,,126.0,2026-09-13T00:31:54,gpt-6-astra,llm
astra_pair,astra_pair,13,red,left,put the red block in the left bowl,1,,150.4,2026-09-13T00:34:46,gpt-6-astra,llm
astra_pair,astra_pair,14,blue,right,put the blue block in the right bowl,1,,135.0,2026-09-13T00:37:23,gpt-6-astra,llm
astra_pair,astra_pair,15,red,left,put the red block in the left bowl,1,,61.0,2026-09-13T00:38:34,gpt-6-astra,llm
astra_pair,astra_pair,16,blue,right,put the blue block in the right bowl,1,,76.3,2026-09-13T00:40:06,gpt-6-astra,llm
astra_pair,astra_pair,17,red,left,put the red block in the left bowl,1,,76.0,2026-09-13T00:41:31,gpt-6-astra,llm
astra_pair,astra_pair,18,blue,right,put the blue block in the right bowl,0,touch_no_grip,159.7,2026-09-13T00:46:44,gpt-6-astra,llm
astra_pair,astra_pair,19,red,left,put the red block in the left bowl,0,touch_no_grip,229.2,2026-09-13T00:50:52,gpt-6-astra,llm
astra_pair,astra_pair,20,blue,right,put the blue block in the right bowl,1,,77.2,2026-09-13T00:52:29,gpt-6-astra,llm
pi05full_pair,pi05full_pair,1,red,left,put the red block in the left bowl,0,touch_no_grip,160.3,2026-09-13T21:08:39,/outputs/pi05full_so101_blocks_30000_ep0-49_100-149/checkpoints/last/pretrained_model,sync
pi05full_pair,pi05full_pair,2,blue,right,put the blue block in the right bowl,1,,54.5,2026-09-13T21:09:43,/outputs/pi05full_so101_blocks_30000_ep0-49_100-149/checkpoints/last/pretrained_model,sync
pi05full_pair,pi05full_pair,3,red,left,put the red block in the left bowl,0,touch_no_grip,54.8,2026-09-13T21:11:03,/outputs/pi05full_so101_blocks_30000_ep0-49_100-149/checkpoints/last/pretrained_model,sync
pi05full_pair,pi05full_pair,4,blue,right,put the blue block in the right bowl,0,touch_no_grip,57.0,2026-09-13T21:12:17,/outputs/pi05full_so101_blocks_30000_ep0-49_100-149/checkpoints/last/pretrained_model,sync
pi05full_pair,pi05full_pair,5,red,left,put the red block in the left bowl,0,touch_no_grip,54.6,2026-09-13T21:13:40,/outputs/pi05full_so101_blocks_30000_ep0-49_100-149/checkpoints/last/pretrained_model,sync
pi05full_pair,pi05full_pair,6,blue,right,put the blue block in the right bowl,1,,54.3,2026-09-13T21:14:45,/outputs/pi05full_so101_blocks_30000_ep0-49_100-149/checkpoints/last/pretrained_model,sync
pi05full_pair,pi05full_pair,7,red,left,put the red block in the left bowl,0,touch_no_grip,57.7,2026-09-13T21:16:09,/outputs/pi05full_so101_blocks_30000_ep0-49_100-149/checkpoints/last/pretrained_model,sync
pi05full_pair,pi05full_pair,8,blue,right,put the blue block in the right bowl,0,no_reach,54.8,2026-09-13T21:17:24,/outputs/pi05full_so101_blocks_30000_ep0-49_100-149/checkpoints/last/pretrained_model,sync
pi05full_pair,pi05full_pair,9,red,left,put the red block in the left bowl,1,,54.0,2026-09-13T21:18:35,/outputs/pi05full_so101_blocks_30000_ep0-49_100-149/checkpoints/last/pretrained_model,sync
pi05full_pair,pi05full_pair,10,blue,right,put the blue block in the right bowl,0,touch_no_grip,54.9,2026-09-13T21:19:50,/outputs/pi05full_so101_blocks_30000_ep0-49_100-149/checkpoints/last/pretrained_model,sync
pi05full_pair,pi05full_pair,11,red,left,put the red block in the left bowl,1,,56.2,2026-09-13T21:21:07,/outputs/pi05full_so101_blocks_30000_ep0-49_100-149/checkpoints/last/pretrained_model,sync
pi05full_pair,pi05full_pair,12,blue,right,put the blue block in the right bowl,1,,54.8,2026-09-13T21:22:22,/outputs/pi05full_so101_blocks_30000_ep0-49_100-149/checkpoints/last/pretrained_model,sync
pi05full_pair,pi05full_pair,13,red,left,put the red block in the left bowl,0,touch_no_grip,54.5,2026-09-13T21:23:36,/outputs/pi05full_so101_blocks_30000_ep0-49_100-149/checkpoints/last/pretrained_model,sync
pi05full_pair,pi05full_pair,14,blue,right,put the blue block in the right bowl,0,touch_no_grip,54.6,2026-09-13T21:24:52,/outputs/pi05full_so101_blocks_30000_ep0-49_100-149/checkpoints/last/pretrained_model,sync
pi05full_pair,pi05full_pair,15,red,left,put the red block in the left bowl,1,,54.7,2026-09-13T21:26:04,/outputs/pi05full_so101_blocks_30000_ep0-49_100-149/checkpoints/last/pretrained_model,sync
pi05full_pair,pi05full_pair,16,blue,right,put the blue block in the right bowl,0,touch_no_grip,57.1,2026-09-13T21:27:22,/outputs/pi05full_so101_blocks_30000_ep0-49_100-149/checkpoints/last/pretrained_model,sync
pi05full_pair,pi05full_pair,17,red,left,put the red block in the left bowl,0,touch_no_grip,54.5,2026-09-13T21:28:41,/outputs/pi05full_so101_blocks_30000_ep0-49_100-149/checkpoints/last/pretrained_model,sync
pi05full_pair,pi05full_pair,18,blue,right,put the blue block in the right bowl,0,touch_no_grip,54.4,2026-09-13T21:29:56,/outputs/pi05full_so101_blocks_30000_ep0-49_100-149/checkpoints/last/pretrained_model,sync
pi05full_pair,pi05full_pair,19,red,left,put the red block in the left bowl,1,,55.1,2026-09-13T21:31:07,/outputs/pi05full_so101_blocks_30000_ep0-49_100-149/checkpoints/last/pretrained_model,sync
pi05full_pair,pi05full_pair,20,blue,right,put the blue block in the right bowl,0,touch_no_grip,54.9,2026-09-13T21:32:19,/outputs/pi05full_so101_blocks_30000_ep0-49_100-149/checkpoints/last/pretrained_model,sync
pi05full_all4,pi05full_all4,1,red,left,put the red block in the left bowl,0,touch_no_grip,57.2,2026-09-13T21:34:05,/outputs/pi05full_so101_blocks_30000_ep0-49_100-149/checkpoints/last/pretrained_model,sync
pi05full_all4,pi05full_all4,2,blue,right,put the blue block in the right bowl,1,,55.0,2026-09-13T21:35:25,/outputs/pi05full_so101_blocks_30000_ep0-49_100-149/checkpoints/last/pretrained_model,sync
pi05full_all4,pi05full_all4,3,red,right,put the red block in the right bowl,0,touch_no_grip,54.5,2026-09-13T21:37:06,/outputs/pi05full_so101_blocks_30000_ep0-49_100-149/checkpoints/last/pretrained_model,sync
pi05full_all4,pi05full_all4,4,blue,left,put the blue block in the left bowl,1,,56.2,2026-09-13T21:38:38,/outputs/pi05full_so101_blocks_30000_ep0-49_100-149/checkpoints/last/pretrained_model,sync
pi05full_all4,pi05full_all4,5,red,left,put the red block in the left bowl,0,touch_no_grip,55.4,2026-09-13T21:39:48,/outputs/pi05full_so101_blocks_30000_ep0-49_100-149/checkpoints/last/pretrained_model,sync
pi05full_all4,pi05full_all4,6,blue,right,put the blue block in the right bowl,0,touch_no_grip,56.7,2026-09-13T21:41:08,/outputs/pi05full_so101_blocks_30000_ep0-49_100-149/checkpoints/last/pretrained_model,sync
pi05full_all4,pi05full_all4,7,red,right,put the red block in the right bowl,0,touch_no_grip,56.9,2026-09-13T21:42:20,/outputs/pi05full_so101_blocks_30000_ep0-49_100-149/checkpoints/last/pretrained_model,sync
pi05full_all4,pi05full_all4,8,blue,left,put the blue block in the left bowl,0,no_reach,56.5,2026-09-13T21:43:34,/outputs/pi05full_so101_blocks_30000_ep0-49_100-149/checkpoints/last/pretrained_model,sync
pi05full_all4,pi05full_all4,9,red,left,put the red block in the left bowl,0,timeout,54.3,2026-09-13T21:44:56,/outputs/pi05full_so101_blocks_30000_ep0-49_100-149/checkpoints/last/pretrained_model,sync
pi05full_all4,pi05full_all4,10,blue,right,put the blue block in the right bowl,0,touch_no_grip,57.1,2026-09-13T21:46:15,/outputs/pi05full_so101_blocks_30000_ep0-49_100-149/checkpoints/last/pretrained_model,sync
pi05full_all4,pi05full_all4,11,red,right,put the red block in the right bowl,0,touch_no_grip,59.7,2026-09-13T21:47:39,/outputs/pi05full_so101_blocks_30000_ep0-49_100-149/checkpoints/last/pretrained_model,sync
pi05full_all4,pi05full_all4,12,blue,left,put the blue block in the left bowl,1,,66.3,2026-09-13T21:49:04,/outputs/pi05full_so101_blocks_30000_ep0-49_100-149/checkpoints/last/pretrained_model,sync
pi05full_all4,pi05full_all4,13,red,left,put the red block in the left bowl,0,touch_no_grip,54.3,2026-09-13T21:50:17,/outputs/pi05full_so101_blocks_30000_ep0-49_100-149/checkpoints/last/pretrained_model,sync
pi05full_all4,pi05full_all4,14,blue,right,put the blue block in the right bowl,1,,54.4,2026-09-13T21:51:32,/outputs/pi05full_so101_blocks_30000_ep0-49_100-149/checkpoints/last/pretrained_model,sync
pi05full_all4,pi05full_all4,15,red,right,put the red block in the right bowl,1,,55.1,2026-09-13T21:52:38,/outputs/pi05full_so101_blocks_30000_ep0-49_100-149/checkpoints/last/pretrained_model,sync
pi05full_all4,pi05full_all4,16,blue,left,put the blue block in the left bowl,0,touch_no_grip,56.5,2026-09-13T21:54:20,/outputs/pi05full_so101_blocks_30000_ep0-49_100-149/checkpoints/last/pretrained_model,sync
pi05full_all4,pi05full_all4,17,red,left,put the red block in the left bowl,0,touch_no_grip,55.1,2026-09-13T21:55:50,/outputs/pi05full_so101_blocks_30000_ep0-49_100-149/checkpoints/last/pretrained_model,sync
pi05full_all4,pi05full_all4,18,blue,right,put the blue block in the right bowl,0,touch_no_grip,56.0,2026-09-13T21:58:14,/outputs/pi05full_so101_blocks_30000_ep0-49_100-149/checkpoints/last/pretrained_model,sync
pi05full_all4,pi05full_all4,19,red,right,put the red block in the right bowl,0,touch_no_grip,54.9,2026-09-13T21:59:55,/outputs/pi05full_so101_blocks_30000_ep0-49_100-149/checkpoints/last/pretrained_model,sync
pi05full_all4,pi05full_all4,20,blue,left,put the blue block in the left bowl,0,touch_no_grip,54.5,2026-09-13T22:01:22,/outputs/pi05full_so101_blocks_30000_ep0-49_100-149/checkpoints/last/pretrained_model,sync
